urls	urls_status	file
https://jhudatascience.org/template-documentation/bioconductor_guides/bioconductor_vignette_template.Rmd)	failed	/github/workspace/06-how-to_examples.Rmd
https://github.com/jhudsl/Documentation_and_Usability/blob/main/.github/workflows/url-checker.yml	failed	/github/workspace/11-documentation-maintenance.Rmd
https://github.com/jhudsl/ottrpal)	failed	/github/workspace/About.Rmd
https://jhudatascience.org/template-documentation/bioconductor_guides/bioconductor_vignette_template.Rmd)	failed	/github/workspace/docs/06-how-to_examples.md
https://github.com/jhudsl/Documentation_and_Usability/blob/main/.github/workflows/url-checker.yml	failed	/github/workspace/docs/11-documentation-maintenance.md
https://github.com/jhudsl/ottrpal)	failed	/github/workspace/docs/About.md
https://jhudatascience.org/template-documentation/bioconductor_guides/bioconductor_vignette_template.Rmd)	failed	/github/workspace/docs/coursera/06-how-to_examples.md
https://github.com/jhudsl/Documentation_and_Usability/blob/main/.github/workflows/url-checker.yml	failed	/github/workspace/docs/coursera/11-documentation-maintenance.md
https://github.com/jhudsl/ottrpal)	failed	/github/workspace/docs/coursera/About.md
https://jhudatascience.org/template-documentation/bioconductor_guides/bioconductor_vignette_template.Rmd)	failed	/github/workspace/docs/no_toc/06-how-to_examples.md
https://github.com/jhudsl/Documentation_and_Usability/blob/main/.github/workflows/url-checker.yml	failed	/github/workspace/docs/no_toc/11-documentation-maintenance.md
https://github.com/jhudsl/ottrpal)	failed	/github/workspace/docs/no_toc/About.md
